Model Name,Task,Architecture,Weights,Paper,Licence,Parameters (M),Input,Classes
yolov8x_species_detector,Species detection (65 species),YOLOv8x,https://huggingface.co/IBBI-bio/ibbi_yolov8x_species_detector,https://arxiv.org/abs/2408.15857,AGPL-3.0,68.2,640 px,65
yolov9e_species_detector,Species detection (65 species),YOLOv9e,https://huggingface.co/IBBI-bio/ibbi_yolov9e_species_detector,https://arxiv.org/abs/2402.13616,AGPL-3.0,58.2,640 px,65
yolov10x_species_detector,Species detection (65 species),YOLOv10x,https://huggingface.co/IBBI-bio/ibbi_yolov10x_species_detector,https://arxiv.org/abs/2405.14458,AGPL-3.0,31.8,640 px,65
yolo11x_species_detector,Species detection (65 species),YOLO11x,https://huggingface.co/IBBI-bio/ibbi_yolo11x_species_detector,https://arxiv.org/abs/2410.17725,AGPL-3.0,56.9,640 px,65
yolo12x_species_detector,Species detection (65 species),YOLO12x,https://huggingface.co/IBBI-bio/ibbi_yolo12x_species_detector,https://arxiv.org/abs/2502.12524,AGPL-3.0,59.2,640 px,65
rtdetrx_species_detector,Species detection (65 species),RT-DETR-X,https://huggingface.co/IBBI-bio/ibbi_rtdetrx_species_detector,https://arxiv.org/abs/2304.08069,AGPL-3.0,67.4,640 px,65
yolo11x_arthropod_detector,Arthropod detection (single class),YOLO11x,https://huggingface.co/IBBI-bio/ibbi_yolo11x_arthropod_detector,https://arxiv.org/abs/2410.17725,AGPL-3.0,56.9,1024 px,1
dinov3_hierarchical_classifier,"Hierarchical classification with abstention (subfamily-species), embeddings",DINOv3 ViT-L/16,https://huggingface.co/IBBI-bio/ibbi_dinov3l_hierarchical_classifier,https://arxiv.org/abs/2508.10104,DINOv3 License,303.3,336 px,65
bioclip2_hierarchical_classifier,"Hierarchical classification with abstention (subfamily-species), embeddings",BioCLIP 2 ViT-L/14,https://huggingface.co/IBBI-bio/ibbi_bioclip2_hierarchical_classifier,https://arxiv.org/abs/2505.23883,MIT,304.1,224 px,65
grounding_dino_zero_shot_detector,Zero-shot detection (text prompts),Grounding DINO-B,https://huggingface.co/IDEA-Research/grounding-dino-base,https://arxiv.org/abs/2303.05499,Apache-2.0,232.3,1024 px tiles + whole image,13
owlv2_zero_shot_detector,Zero-shot detection (text prompts),OWLv2-L,https://huggingface.co/google/owlv2-large-patch14-ensemble,https://arxiv.org/abs/2306.09683,Apache-2.0,437.6,1024 px tiles + whole image,1
yoloworld_zero_shot_detector,Zero-shot detection (text prompts),YOLO-World v2-X,https://github.com/ultralytics/assets/releases/download/v8.3.0/yolov8x-worldv2.pt,https://arxiv.org/abs/2401.17270,AGPL-3.0,224.2,1024 px tiles + whole image,13
sam3_zero_shot_detector,Zero-shot detection (text prompts),SAM 3,https://huggingface.co/facebook/sam3,https://arxiv.org/abs/2511.16719,SAM License (gated),840.4,1024 px tiles + whole image,3
