valid_species_id,scientificName,scientificNameAuthority,subfamily,tribe,subtribe,genus,species,subspecies,authority,authorityYear,originalGenus,benchmark_role,target_band,distance_band_vs_trainable
101,Euplatypus parallelus,"(Fabricius, 1801)",Platypodinae,Platypodini,,Euplatypus,parallelus,,Fabricius,1801.0,Bostrichus,trainable,,near_genus
102,Euplatypus pini,"(Hopkins, 1906)",Platypodinae,Platypodini,,Euplatypus,pini,,Hopkins,1906.0,Platypus,semantic_ood,,near_genus
10295,Diapus orientalis,"Knížek, Beaver & Liu, 2015",Platypodinae,Tesserocerini,Diapodina,Diapus,orientalis,,"Knížek, Beaver & Liu",2015.0,Diapus,semantic_ood,,mid_tribe
103,Euplatypus segnis,"(Chapuis, 1865)",Platypodinae,Platypodini,,Euplatypus,segnis,,Chapuis,1865.0,Platypus,semantic_ood,,near_genus
1037,Polygraphus rufipennis,"(Kirby, 1837)",Scolytinae,Polygraphini,,Polygraphus,rufipennis,,Kirby,1837.0,Apate,trainable,,far_tribe
1118,Scolytus aztecus,"Wood, 1967",Scolytinae,Scolytini,,Scolytus,aztecus,,Wood,1967.0,Scolytus,semantic_ood,,near_genus
1129,Scolytus costellatus,"Chapuis, 1869",Scolytinae,Scolytini,,Scolytus,costellatus,,Chapuis,1869.0,Scolytus,semantic_ood,,near_genus
1147,Scolytus multistriatus,"(Marsham, 1802)",Scolytinae,Scolytini,,Scolytus,multistriatus,,Marsham,1802.0,Ips,trainable,,far_tribe
1148,Scolytus mundus,"Wood, 1968",Scolytinae,Scolytini,,Scolytus,mundus,,Wood,1968.0,Scolytus,semantic_ood,,near_genus
1168,Scolytus reflexus,"Blackman, 1934",Scolytinae,Scolytini,,Scolytus,reflexus,,Blackman,1934.0,Scolytus,semantic_ood,,near_genus
1171,Scolytus schevyrewi,"Semenov, 1902",Scolytinae,Scolytini,,Scolytus,schevyrewi,,Semenov,1902.0,Scolytus,semantic_ood,,near_genus
1178,Scolytus submarginatus,"Schedl, 1937",Scolytinae,Scolytini,,Scolytus,submarginatus,,Schedl,1937.0,Scolytus,semantic_ood,,near_genus
1180,Scolytus thoracicus,"Chapuis, 1869",Scolytinae,Scolytini,,Scolytus,thoracicus,,Chapuis,1869.0,Scolytus,semantic_ood,,near_genus
1213,Pycnarthrum hispidum,"(Ferrari, 1867)",Scolytinae,Hexacolini,,Pycnarthrum,hispidum,,Ferrari,1867.0,Hypoborus,semantic_ood,,far_tribe
128,Platyphysus obtusus,"(Chapuis, 1865)",Platypodinae,Platypodini,,Platyphysus,obtusus,,Chapuis,1865.0,Platypus,trainable,,mid_tribe
1286,Scolytodes glaber,"(Eichhoff, 1868)",Scolytinae,Hexacolini,,Scolytodes,glaber,,Eichhoff,1868.0,Hexacolus,semantic_ood,,far_tribe
1466,Hylocurus rudis,"(LeConte, 1876)",Scolytinae,Micracidini,,Hylocurus,rudis,,LeConte,1876.0,Micracis,trainable,far_tribe,far_tribe
1503,Micracis suturalis,"LeConte, 1868",Scolytinae,Micracidini,,Micracis,suturalis,,LeConte,1868.0,Micracis,semantic_ood,,mid_tribe
1504,Micracis swainei,"Blackman, 1920",Scolytinae,Micracidini,,Micracis,swainei,,Blackman,1920.0,Micracis,semantic_ood,,mid_tribe
1531,Phloeocleptus atkinsoni,"Wood, 1981",Scolytinae,Micracidini,,Phloeocleptus,atkinsoni,,Wood,1981.0,Phloeocleptus,semantic_ood,,mid_tribe
16,Chaetastus tuberculatus,"(Chapuis, 1865)",Platypodinae,Tesserocerini,Tesserocerina,Chaetastus,tuberculatus,,Chapuis,1865.0,Symmerus,semantic_ood,,mid_tribe
1695,Ips acuminatus,"(Gyllenhal, 1827)",Scolytinae,Ipini,,Ips,acuminatus,,Gyllenhal,1827.0,Bostrichus,trainable,,near_genus
1701,Ips borealis thomasi,"Hopping, 1965",Scolytinae,Ipini,,Ips,borealis,thomasi,Hopping,1965.0,Ips,trainable,,near_genus
1704,Ips calligraphus calligraphus,"(Germar, 1823)",Scolytinae,Ipini,,Ips,calligraphus,calligraphus,Germar,1823.0,Tomicus,semantic_ood,,near_genus
1708,Orthotomicus erosus,"(Wollaston, 1857)",Scolytinae,Ipini,,Orthotomicus,erosus,,Wollaston,1857.0,Tomicus,semantic_ood,,near_genus
1709,Ips grandicollis,"(Eichhoff, 1868)",Scolytinae,Ipini,,Ips,grandicollis,,Eichhoff,1868.0,Tomicus,semantic_ood,,near_genus
1714,Orthotomicus latidens,"(LeConte, 1874)",Scolytinae,Ipini,,Orthotomicus,latidens,,LeConte,1874.0,Tomicus,trainable,,near_genus
1716,Pseudips mexicanus,"(Hopkins, 1906)",Scolytinae,Ipini,,Pseudips,mexicanus,,Hopkins,1906.0,Tomicus,semantic_ood,,mid_tribe
1725,Ips pini,"(Say, 1826)",Scolytinae,Ipini,,Ips,pini,,Say,1826.0,Bostrichus,trainable,,near_genus
1728,Ips sexdentatus,"(Boerner, 1776)",Scolytinae,Ipini,,Ips,sexdentatus,,Boerner,1776.0,Dermestes,semantic_ood,,near_genus
1732,Ips tridens engelmanni,"Swaine, 1917",Scolytinae,Ipini,,Ips,tridens,engelmanni,Swaine,1917.0,Ips,semantic_ood,,near_genus
1733,Ips typographus,"(Linnaeus, 1758)",Scolytinae,Ipini,,Ips,typographus,,Linnaeus,1758.0,Dermestes,trainable,,near_genus
1735,Orthotomicus caelatus,"(Eichhoff, 1868)",Scolytinae,Ipini,,Orthotomicus,caelatus,,Eichhoff,1868.0,Tomicus,trainable,,near_genus
1736,Orthotomicus laricis,"(Fabricius, 1792)",Scolytinae,Ipini,,Orthotomicus,laricis,,Fabricius,1792.0,Bostrichus,trainable,,near_genus
1737,Pityogenes bidentatus,"(Herbst, 1784)",Scolytinae,Ipini,,Pityogenes,bidentatus,,Herbst,1784.0,Bostrichus,trainable,,near_genus
1739,Pityogenes chalcographus,"(Linnaeus, 1761)",Scolytinae,Ipini,,Pityogenes,chalcographus,,Linnaeus,1761.0,Dermestes,trainable,,near_genus
1753,Pityokteines sparsus,"(LeConte, 1868)",Scolytinae,Ipini,,Pityokteines,sparsus,,LeConte,1868.0,Xyleborus,trainable,,mid_tribe
1756,Pseudips concinnus,"(Mannerheim, 1852)",Scolytinae,Ipini,,Pseudips,concinnus,,Mannerheim,1852.0,Bostrichus,semantic_ood,,mid_tribe
1762,Coccotrypes carpophagus,"(Hornung, 1842)",Scolytinae,Dryocoetini,,Coccotrypes,carpophagus,,Hornung,1842.0,Bostrichus,trainable,,near_genus
1766,Coccotrypes cyperi,"(Beeson, 1929)",Scolytinae,Dryocoetini,,Coccotrypes,cyperi,,Beeson,1929.0,Thamnurgides,trainable,,near_genus
1767,Coccotrypes dactyliperda,"(Fabricius, 1801)",Scolytinae,Dryocoetini,,Coccotrypes,dactyliperda,,Fabricius,1801.0,Bostrichus,trainable,,near_genus
1813,Dendrocranulus maurus,"(Blandford, 1898)",Scolytinae,Dryocoetini,,Dendrocranulus,maurus,,Blandford,1898.0,Dryocoetes,semantic_ood,,mid_tribe
1836,Dryocoetes affaber,"(Mannerheim, 1852)",Scolytinae,Dryocoetini,,Dryocoetes,affaber,,Mannerheim,1852.0,Bostrichus,trainable,,near_genus
1837,Dryocoetes autographus,"(Ratzeburg, 1837)",Scolytinae,Dryocoetini,,Dryocoetes,autographus,,Ratzeburg,1837.0,Bostrichus,trainable,,near_genus
1874,Trypodendron lineatum,"(Olivier, 1800)",Scolytinae,Xyloterini,,Trypodendron,lineatum,,Olivier,1800.0,Bostrichus,trainable,mid_tribe,mid_tribe
1878,Xyloterinus politus,"(Say, 1826)",Scolytinae,Xyloterini,,Xyloterinus,politus,,Say,1826.0,Bostrichus,trainable,,mid_tribe
1890,Ambrosiodmus hagedorni,"(Iglesias, 1914)",Scolytinae,Xyleborini,,Ambrosiodmus,hagedorni,,Iglesias,1914.0,Xyleborus,semantic_ood,,mid_tribe
1895,Ambrosiodmus obliquus,"(LeConte, 1878)",Scolytinae,Xyleborini,,Ambrosiodmus,obliquus,,LeConte,1878.0,Pityophthorus,semantic_ood,,mid_tribe
1899,Ambrosiodmus rubricollis,"(Eichhoff, 1876)",Scolytinae,Xyleborini,,Ambrosiodmus,rubricollis,,Eichhoff,1876.0,Xyleborus,semantic_ood,,mid_tribe
192,Megaplatypus deyrollei,"(Chapuis, 1865)",Platypodinae,Platypodini,,Megaplatypus,deyrollei,,Chapuis,1865.0,Platypus,semantic_ood,,mid_tribe
1959,Dryoxylon onoharaense,"(Murayama, 1934)",Scolytinae,Xyleborini,,Dryoxylon,onoharaense,,Murayama,1934.0,Xyleborus,semantic_ood,,mid_tribe
1967,Euwallacea validus,"(Eichhoff, 1876)",Scolytinae,Xyleborini,,Euwallacea,validus,,Eichhoff,1876.0,Xyleborus,semantic_ood,,near_genus
1973,Premnobius ambitiosus,"(Schaufuss, 1897)",Scolytinae,Ipini,,Premnobius,ambitiosus,,Schaufuss,1897.0,Xylocleptes,trainable,,mid_tribe
1978,Sampsonius dampfi,"Schedl, 1940",Scolytinae,Xyleborini,,Sampsonius,dampfi,,Schedl,1940.0,Sampsonius,trainable,,mid_tribe
2003,Taurodemus sharpi,"(Blandford, 1898)",Scolytinae,Xyleborini,,Taurodemus,sharpi,,Blandford,1898.0,Xyleborus,trainable,mid_tribe,mid_tribe
2030,Xyleborinus gracilis,"(Eichhoff, 1868)",Scolytinae,Xyleborini,,Xyleborinus,gracilis,,Eichhoff,1868.0,Xyleborus,semantic_ood,,near_genus
2031,Xyleborinus intersetosus,"(Blandford, 1898)",Scolytinae,Xyleborini,,Xyleborinus,intersetosus,,Blandford,1898.0,Xyleborus,trainable,,near_genus
2037,Xyleborinus saxesenii,"(Ratzeburg, 1837)",Scolytinae,Xyleborini,,Xyleborinus,saxesenii,,Ratzeburg,1837.0,Bostrichus,trainable,near_genus,near_genus
2059,Ambrosiophilus atratus,"(Eichhoff, 1876)",Scolytinae,Xyleborini,,Ambrosiophilus,atratus,,Eichhoff,1876.0,Xyleborus,semantic_ood,,mid_tribe
2064,Xyleborus bolivianus,"Eggers, 1943",Scolytinae,Xyleborini,,Xyleborus,bolivianus,,Eggers,1943.0,Xyleborus,semantic_ood,,near_genus
2067,Cyclorhipidion bodoanum,"(Reitter, 1913)",Scolytinae,Xyleborini,,Cyclorhipidion,bodoanum,,Reitter,1913.0,Xyleborus,semantic_ood,,mid_tribe
2083,Anisandrus dispar,"(Fabricius, 1792)",Scolytinae,Xyleborini,,Anisandrus,dispar,,Fabricius,1792.0,Apate,trainable,,near_genus
2091,Xyleborus ferrugineus,"(Fabricius, 1801)",Scolytinae,Xyleborini,,Xyleborus,ferrugineus,,Fabricius,1801.0,Bostrichus,trainable,,near_genus
2093,Xyleborus glabratus,"Eichhoff, 1877",Scolytinae,Xyleborini,,Xyleborus,glabratus,,Eichhoff,1877.0,Xyleborus,semantic_ood,,near_genus
2114,Xyleborus magnificus,"Wood, 1992",Scolytinae,Xyleborini,,Xyleborus,magnificus,,Wood,1992.0,Xyleborus,semantic_ood,,near_genus
2123,Anisandrus obesus,"(LeConte, 1868)",Scolytinae,Xyleborini,,Anisandrus,obesus,,LeConte,1868.0,Xyleborus,semantic_ood,,near_genus
2130,Cyclorhipidion pelliculosum,"(Eichhoff, 1878)",Scolytinae,Xyleborini,,Cyclorhipidion,pelliculosum,,Eichhoff,1878.0,Xyleborus,semantic_ood,,mid_tribe
2131,Xyleborus perforans,"(Wollaston, 1857)",Scolytinae,Xyleborini,,Xyleborus,perforans,,Wollaston,1857.0,Tomicus,trainable,,near_genus
2149,Anisandrus sayi,"Hopkins, 1915",Scolytinae,Xyleborini,,Anisandrus,sayi,,Hopkins,1915.0,Anisandrus,trainable,,near_genus
2164,Xyleborus spathipennis,"Eichhoff, 1868",Scolytinae,Xyleborini,,Xyleborus,spathipennis,,Eichhoff,1868.0,Xyleborus,trainable,,near_genus
2179,Xyleborus volvulus,"(Fabricius, 1775)",Scolytinae,Xyleborini,,Xyleborus,volvulus,,Fabricius,1775.0,Bostrichus,trainable,,near_genus
2181,Xylosandrus compactus,"(Eichhoff, 1876)",Scolytinae,Xyleborini,,Xylosandrus,compactus,,Eichhoff,1876.0,Xyleborus,trainable,,near_genus
2182,Xylosandrus crassiusculus,"(Motschulsky, 1866)",Scolytinae,Xyleborini,,Xylosandrus,crassiusculus,,Motschulsky,1866.0,Phloeotrogus,trainable,near_genus,near_genus
2185,Xylosandrus germanus,"(Blandford, 1894)",Scolytinae,Xyleborini,,Xylosandrus,germanus,,Blandford,1894.0,Xyleborus,trainable,,near_genus
2187,Xylosandrus morigerus,"(Blandford, 1894)",Scolytinae,Xyleborini,,Xylosandrus,morigerus,,Blandford,1894.0,Xyleborus,trainable,near_genus,near_genus
2188,Cnestus mutilatus,"(Blandford, 1894)",Scolytinae,Xyleborini,,Cnestus,mutilatus,,Blandford,1894.0,Xyleborus,trainable,mid_tribe,mid_tribe
2221,Cryphalus striatulus,"Mannerheim, 1853",Scolytinae,Cryphalini,,Cryphalus,striatulus,,Mannerheim,1853.0,Cryphalus,semantic_ood,,far_tribe
2232,Cryptocarenus diadematus,"Eggers, 1937",Scolytinae,Corthylini,Pityophthorina,Cryptocarenus,diadematus,,Eggers,1937.0,Cryptocarenus,semantic_ood,,mid_tribe
2234,Cryptocarenus heveae,"(Hagedorn, 1912)",Scolytinae,Corthylini,Pityophthorina,Cryptocarenus,heveae,,Hagedorn,1912.0,Stephanoderes,semantic_ood,,mid_tribe
2240,Cryptocarenus seriatus,"(Eggers, 1933)",Scolytinae,Corthylini,Pityophthorina,Cryptocarenus,seriatus,,Eggers,1933.0,Cryptocarenus</i>*<i>,semantic_ood,,mid_tribe
2250,Cryphalus mangiferae,"Stebbing, 1914",Scolytinae,Cryphalini,,Cryphalus,mangiferae,,Stebbing,1914.0,Cryphalus,semantic_ood,,far_tribe
2254,Hypothenemus ascitus,"Wood, 1971",Scolytinae,Trypophloeini,,Hypothenemus,ascitus,,Wood,1971.0,Hypothenemus,trainable,,near_genus
2256,Hypothenemus birmanus,"(Eichhoff, 1878)",Scolytinae,Trypophloeini,,Hypothenemus,birmanus,,Eichhoff,1878.0,Triarmocerus,trainable,,near_genus
2264,Hypothenemus crudiae,"(Panzer, 1791)",Scolytinae,Trypophloeini,,Hypothenemus,crudiae,,Panzer,1791.0,Bostrichus,semantic_ood,,near_genus
2265,Hypothenemus dissimilis,"(Zimmermann, 1868)",Scolytinae,Trypophloeini,,Hypothenemus,dissimilis,,Zimmermann,1868.0,Crypturgus,semantic_ood,,near_genus
2269,Hypothenemus eruditus,"(Westwood, 1834)",Scolytinae,Trypophloeini,,Hypothenemus,eruditus,,Westwood,1834.0,Tomicus,trainable,,near_genus
2273,Hypothenemus hampei,"(Ferrari, 1867)",Scolytinae,Trypophloeini,,Hypothenemus,hampei,,Ferrari,1867.0,Cryphalus,semantic_ood,,near_genus
2277,Hypothenemus interstitialis,"(Hopkins, 1915)",Scolytinae,Trypophloeini,,Hypothenemus,interstitialis,,Hopkins,1915.0,Stephanoderes,semantic_ood,,near_genus
228,Euplatypus hintzi,"(Schaufuss, 1897)",Platypodinae,Platypodini,,Euplatypus,hintzi,,Schaufuss,1897.0,Platypus,trainable,,near_genus
2289,Hypothenemus pubescens,"Hopkins, 1915",Scolytinae,Trypophloeini,,Hypothenemus,pubescens,,Hopkins,1915.0,Hypothenemus,semantic_ood,,near_genus
2292,Hypothenemus seriatus,"(Eichhoff, 1872)",Scolytinae,Trypophloeini,,Hypothenemus,seriatus,,Eichhoff,1872.0,Stephanoderes,trainable,,near_genus
2335,Hypothenemus atomus,"Hopkins, 1915",Scolytinae,Trypophloeini,,Hypothenemus,atomus,,Hopkins,1915.0,Hypothenemus,semantic_ood,,near_genus
2355,Araptus carinifrons,"(Blandford, 1904)",Scolytinae,Corthylini,Pityophthorina,Araptus,carinifrons,,Blandford,1904.0,Pityophthorus,trainable,,mid_tribe
2397,Araptus hymenaeae,"(Eggers, 1933)",Scolytinae,Corthylini,Pityophthorina,Araptus,hymenaeae,,Eggers,1933.0,Neodryocoetes,semantic_ood,,near_genus
2477,Conophthorus ponderosae,"Hopkins, 1915",Scolytinae,Corthylini,Pityophthorina,Conophthorus,ponderosae,,Hopkins,1915.0,Conophthorus,semantic_ood,,mid_tribe
250,Megaplatypus latreillei,"(Chapuis, 1865)",Platypodinae,Platypodini,,Megaplatypus,latreillei,,Chapuis,1865.0,Platypus,semantic_ood,,mid_tribe
255,Euplatypus longior,"(Wood, 1966)",Platypodinae,Platypodini,,Euplatypus,longior,,Wood,1966.0,Platypus,semantic_ood,,near_genus
257,Euplatypus longulus,"(Chapuis, 1865)",Platypodinae,Platypodini,,Euplatypus,longulus,,Chapuis,1865.0,Platypus,semantic_ood,,near_genus
2609,Pityophthorus costatulus,"Wood, 1976",Scolytinae,Corthylini,Pityophthorina,Pityophthorus,costatulus,,Wood,1976.0,Pityophthorus,semantic_ood,,near_genus
2686,Pityophthorus juglandis,"Blackman, 1928",Scolytinae,Corthylini,Pityophthorina,Pityophthorus,juglandis,,Blackman,1928.0,Pityophthorus,trainable,,near_genus
2723,Pityophthorus murrayanae,"Blackman, 1922",Scolytinae,Corthylini,Pityophthorina,Pityophthorus,murrayanae,,Blackman,1922.0,Pityophthorus,trainable,,near_genus
2798,Pityophthorus solus,"Blackman, 1928",Scolytinae,Corthylini,Pityophthorina,Pityophthorus,solus,,Blackman,1928.0,Pityophthorus,semantic_ood,,near_genus
2857,Pseudopityophthorus minutissimus,"(Zimmermann, 1868)",Scolytinae,Corthylini,Pityophthorina,Pseudopityophthorus,minutissimus,,Zimmermann,1868.0,Crypturgus,semantic_ood,,mid_tribe
2936,Corthyloxiphus aztecus,"(Bright, 1972)",Scolytinae,Corthylini,Corthylina,Corthyloxiphus,aztecus,,Bright,1972.0,Corthylus,semantic_ood,,mid_tribe
2971,Corthylus comatus,"Blandford, 1904",Scolytinae,Corthylini,Corthylina,Corthylus,comatus,,Blandford,1904.0,Corthylus,semantic_ood,,mid_tribe
3005,Corthylus minutissimus,"Schedl, 1940",Scolytinae,Corthylini,Corthylina,Corthylus,minutissimus,,Schedl,1940.0,Corthylus,semantic_ood,,mid_tribe
3080,Gnathotrichus materiarius,"(Fitch, 1858)",Scolytinae,Corthylini,Corthylina,Gnathotrichus,materiarius,,Fitch,1858.0,Tomicus,semantic_ood,,mid_tribe
314,Costaroplatus roppai,"(Schedl, 1978)",Platypodinae,Platypodini,,Costaroplatus,roppai,,Schedl,1978.0,Platypus,semantic_ood,,mid_tribe
3203,Monarthrum fasciatum,"(Say, 1826)",Scolytinae,Corthylini,Corthylina,Monarthrum,fasciatum,,Say,1826.0,Bostrichus,semantic_ood,,mid_tribe
3232,Monarthrum mali,"(Fitch, 1856)",Scolytinae,Corthylini,Corthylina,Monarthrum,mali,,Fitch,1856.0,Tomicus,semantic_ood,,mid_tribe
3365,Polygraphus poligraphus,"(Linnaeus, 1758)",Scolytinae,Polygraphini,,Polygraphus,poligraphus,,Linnaeus,1758.0,Dermestes,semantic_ood,,near_genus
3367,Hylesinus taranio,"(Danthoine, 1788)",Scolytinae,Hylesinini,,Hylesinus,taranio,,Danthoine,1788.0,Byrrhus,semantic_ood,,near_genus
3689,Corthylus comitabilis,"Wood, 2007",Scolytinae,Corthylini,Corthylina,Corthylus,comitabilis,,Wood,2007.0,Corthylus,semantic_ood,,mid_tribe
376,Teloplatypus excisus,"(Chapuis, 1865)",Platypodinae,Platypodini,,Teloplatypus,excisus,,Chapuis,1865.0,Platypus,semantic_ood,,mid_tribe
378,Teloplatypus ustulatus,"(Chapuis, 1865)",Platypodinae,Platypodini,,Teloplatypus,ustulatus,,Chapuis,1865.0,Platypus,semantic_ood,,mid_tribe
381,Treptoplatypus abietis,"(Wood, 1958)",Platypodinae,Platypodini,,Treptoplatypus,abietis,,Wood,1958.0,Platypus,semantic_ood,,near_genus
3844,Xyleborinus andrewesi,"(Blandford, 1896)",Scolytinae,Xyleborini,,Xyleborinus,andrewesi,,Blandford,1896.0,Xyleborus,semantic_ood,,near_genus
3855,Hylocurus singularis,"Wood, 1971",Scolytinae,Micracidini,,Hylocurus,singularis,,Wood,1971.0,Hylocurus,semantic_ood,,near_genus
3886,Anisandrus maiche,"(Kurentsov, 1941)",Scolytinae,Xyleborini,,Anisandrus,maiche,,Kurentsov,1941.0,Xyleborus,semantic_ood,,near_genus
39,Tesserocerus dewalquei,"Chapuis, 1865",Platypodinae,Tesserocerini,Tesserocerina,Tesserocerus,dewalquei,,Chapuis,1865.0,Tesserocerus,trainable,,near_genus
3908,Xylosandrus amputatus,"(Blandford, 1894)",Scolytinae,Xyleborini,,Xylosandrus,amputatus,,Blandford,1894.0,Xyleborus,semantic_ood,,near_genus
3923,Ambrosiodmus minor,"(Stebbing, 1907)",Scolytinae,Xyleborini,,Ambrosiodmus,minor,,Stebbing,1907.0,Phloeosinus,semantic_ood,,mid_tribe
400,Hylastes porculus,"Erichson, 1836",Scolytinae,Hylastini,,Hylastes,porculus,,Erichson,1836.0,Hylastes,semantic_ood,,near_genus
403,Hylastes salebrosus,"Eichhoff, 1868",Scolytinae,Hylastini,,Hylastes,salebrosus,,Eichhoff,1868.0,Hylastes,semantic_ood,,near_genus
409,Hylurgops palliatus,"(Gyllenhal, 1813)",Scolytinae,Hylastini,,Hylurgops,palliatus,,Gyllenhal,1813.0,Hylesinus,trainable,,mid_tribe
4092,Spathidicerus thomsoni,"Chapuis, 1865",Platypodinae,Tesserocerini,Tesserocerina,Spathidicerus,thomsoni,,Chapuis,1865.0,Spathidicerus,trainable,,mid_tribe
41,Tesserocerus ericius,"Blandford, 1896",Platypodinae,Tesserocerini,Tesserocerina,Tesserocerus,ericius,,Blandford,1896.0,Tesserocerus,trainable,,near_genus
4110,Crossotarsus kuntzeni,"(Schedl, 1937)",Platypodinae,Platypodini,,Crossotarsus,kuntzeni,,Schedl,1937.0,Platypus,trainable,,near_genus
413,Hylurgops pinifex,"(Fitch, 1858)",Scolytinae,Hylastini,,Hylurgops,pinifex,,Fitch,1858.0,Hylastes,semantic_ood,,near_genus
4201,Crossotarsus hastatus,"(Schedl, 1942)",Platypodinae,Platypodini,,Crossotarsus,hastatus,,Schedl,1942.0,Platypus,semantic_ood,,near_genus
4226,Crossotarsus mniszechi,"Chapuis, 1865",Platypodinae,Platypodini,,Crossotarsus,mniszechi,,Chapuis,1865.0,Crossotarsus,semantic_ood,,near_genus
4285,Crossotarsus wallacei,"(Thomson, 1857)",Platypodinae,Platypodini,,Crossotarsus,wallacei,,Thomson,1857.0,Platypus,trainable,,near_genus
432,Hylesinus aculeatus,"Say, 1824",Scolytinae,Hylesinini,,Hylesinus,aculeatus,,Say,1824.0,Hylesinus,trainable,,near_genus
436,Hylesinus californicus,"(Swaine, 1916)",Scolytinae,Hylesinini,,Hylesinus,californicus,,Swaine,1916.0,Leperisinus,semantic_ood,,near_genus
445,Hylesinus varius,"(Fabricius, 1775)",Scolytinae,Hylesinini,,Hylesinus,varius,,Fabricius,1775.0,Bostrichus,trainable,near_genus,near_genus
4661,Platypus cylindrus,"(Fabricius, 1792)",Platypodinae,Platypodini,,Platypus,cylindrus,,Fabricius,1792.0,Bostrichus,semantic_ood,,near_genus
4685,Platypus distinctipes,"Schedl, 1972",Platypodinae,Platypodini,,Platypus,distinctipes,,Schedl,1972.0,Platypus,semantic_ood,,near_genus
47,Tesserocerus guerini,"Chapuis, 1865",Platypodinae,Tesserocerini,Tesserocerina,Tesserocerus,guerini,,Chapuis,1865.0,Tesserocerus,semantic_ood,,near_genus
4801,Platypus koryoensis,"(Murayama, 1930)",Platypodinae,Platypodini,,Platypus,koryoensis,,Murayama,1930.0,Crossotarsus,trainable,mid_tribe,mid_tribe
484,Dendroctonus ponderosae,"Hopkins, 1902",Scolytinae,Hylurgini,,Dendroctonus,ponderosae,,Hopkins,1902.0,Dendroctonus,semantic_ood,,near_genus
486,Dendroctonus punctatus,"LeConte, 1868",Scolytinae,Hylurgini,,Dendroctonus,punctatus,,LeConte,1868.0,Dendroctonus,semantic_ood,,near_genus
488,Dendroctonus rufipennis,"(Kirby, 1837)",Scolytinae,Hylurgini,,Dendroctonus,rufipennis,,Kirby,1837.0,Hylurgus,trainable,,near_genus
490,Dendroctonus terebrans,"(Olivier, 1800)",Scolytinae,Hylurgini,,Dendroctonus,terebrans,,Olivier,1800.0,Scolytus,trainable,,near_genus
491,Dendroctonus valens,"LeConte, 1857",Scolytinae,Hylurgini,,Dendroctonus,valens,,LeConte,1857.0,Dendroctonus,semantic_ood,,near_genus
502,Hylurgus ligniperda,"(Fabricius, 1787)",Scolytinae,Hylurgini,,Hylurgus,ligniperda,,Fabricius,1787.0,Bostrichus,semantic_ood,,mid_tribe
5164,Treptoplatypus solidus,"(Walker, 1858)",Platypodinae,Platypodini,,Treptoplatypus,solidus,,Walker,1858.0,Platypus,trainable,,mid_tribe
5178,Hylastes cunicularius,"Erichson, 1836",Scolytinae,Hylastini,,Hylastes,cunicularius,,Erichson,1836.0,Hylastes,trainable,,mid_tribe
521,Tomicus piniperda,"(Linnaeus, 1758)",Scolytinae,Hylurgini,,Tomicus,piniperda,,Linnaeus,1758.0,Dermestes,trainable,,mid_tribe
56,Tesserocerus rudis,"Chapuis, 1865",Platypodinae,Tesserocerini,Tesserocerina,Tesserocerus,rudis,,Chapuis,1865.0,Tesserocerus,semantic_ood,,near_genus
5741,Scolytoplatypus fasciatus,"Hagedorn, 1904",Scolytinae,Scolytoplatypodini,,Scolytoplatypus,fasciatus,,Hagedorn,1904.0,Scolytoplatypus,trainable,far_tribe,far_tribe
588,Bothrosternus truncatus,"Eichhoff, 1868",Scolytinae,Bothrosternini,,Bothrosternus,truncatus,,Eichhoff,1868.0,Bothrosternus,semantic_ood,,mid_tribe
59,Tesserocerus spinax,"Blandford, 1896",Platypodinae,Tesserocerini,Tesserocerina,Tesserocerus,spinax,,Blandford,1896.0,Tesserocerus,semantic_ood,,near_genus
5921,Ips duplicatus,"(Sahlberg, 1836)",Scolytinae,Ipini,,Ips,duplicatus,,Sahlberg,1836.0,Bostrichus,semantic_ood,,near_genus
6,Cenocephalus flexibilis,"(Schedl, 1936)",Platypodinae,Tesserocerini,Tesserocerina,Cenocephalus,flexibilis,,Schedl,1936.0,Tesserocranulus,semantic_ood,,mid_tribe
618,Cnesinus degener,"Wood, 1968",Scolytinae,Bothrosternini,,Cnesinus,degener,,Wood,1968.0,Cnesinus,semantic_ood,,mid_tribe
6251,Taphrorychus bicolor,"(Herbst, 1793)",Scolytinae,Dryocoetini,,Taphrorychus,bicolor,,Herbst,1793.0,Bostrichus,semantic_ood,,mid_tribe
63,Crossotarsus externedentatus,"(Fairmaire, 1850)",Platypodinae,Platypodini,,Crossotarsus,externedentatus,,Fairmaire,1850.0,Platypus,semantic_ood,,near_genus
643,Cnesinus lecontei,"Blandford, 1896",Scolytinae,Bothrosternini,,Cnesinus,lecontei,,Blandford,1896.0,Cnesinus,semantic_ood,,mid_tribe
669,Sternobothrus pumilus,"(Eggers, 1931)",Scolytinae,Bothrosternini,,Sternobothrus,pumilus,,Eggers,1931.0,Cnesinus,semantic_ood,,mid_tribe
679,Cnesinus setulosus,"Blandford, 1896",Scolytinae,Bothrosternini,,Cnesinus,setulosus,,Blandford,1896.0,Cnesinus,semantic_ood,,mid_tribe
691,Eupagiocerus ater,"Eggers, 1931",Scolytinae,Bothrosternini,,Eupagiocerus,ater,,Eggers,1931.0,Eupagiocerus,semantic_ood,,mid_tribe
695,Pagiocerus frontalis,"(Fabricius, 1801)",Scolytinae,Bothrosternini,,Pagiocerus,frontalis,,Fabricius,1801.0,Bostrichus,trainable,far_tribe,far_tribe
8813,Scolytus rabaglii,"Smith & Cognato, 2013",Scolytinae,Scolytini,,Scolytus,rabaglii,,Smith & Cognato,2013.0,Scolytus,semantic_ood,,near_genus
9,Cenocephalus pulchellus,"Schedl, 1935",Platypodinae,Tesserocerini,Tesserocerina,Cenocephalus,pulchellus,,Schedl,1935.0,Cenocephalus,semantic_ood,,mid_tribe
9166,Scolytodes major,"(Eggers, 1928)",Scolytinae,Hexacolini,,Scolytodes,major,,Eggers,1928.0,Prionosceles,semantic_ood,,far_tribe
918,Phloeosinus cristatus,"(LeConte, 1868)",Scolytinae,Phloeosinini,,Phloeosinus,cristatus,,LeConte,1868.0,Hylesinus,semantic_ood,,near_genus
919,Phloeosinus cupressi,"Hopkins, 1903",Scolytinae,Phloeosinini,,Phloeosinus,cupressi,,Hopkins,1903.0,Phloeosinus,semantic_ood,,near_genus
921,Phloeosinus dentatus,"(Say, 1826)",Scolytinae,Phloeosinini,,Phloeosinus,dentatus,,Say,1826.0,Hylurgus,trainable,far_tribe,far_tribe
931,Phloeosinus punctatus,"LeConte, 1876",Scolytinae,Phloeosinini,,Phloeosinus,punctatus,,LeConte,1876.0,Phloeosinus,semantic_ood,,near_genus
9495,Euwallacea similis,"(Ferrari, 1867)",Scolytinae,Xyleborini,,Euwallacea,similis,,Ferrari,1867.0,Xyleborus,trainable,,mid_tribe
965,Chaetophloeus heterodoxus,"(Casey, 1886)",Scolytinae,Chaetophloeini,,Chaetophloeus,heterodoxus,,Casey,1886.0,Renocis,semantic_ood,,far_tribe
9688,Euwallacea perbrevis,"(Schedl, 1951)",Scolytinae,Xyleborini,,Euwallacea,perbrevis,,Schedl,1951.0,Xyleborus,semantic_ood,,near_genus
972,Chaetophloeus mexicanus,"(Blackman, 1940)",Scolytinae,Chaetophloeini,,Chaetophloeus,mexicanus,,Blackman,1940.0,Renocis,semantic_ood,,far_tribe
98,Euplatypus compositus,"(Say, 1824)",Platypodinae,Platypodini,,Euplatypus,compositus,,Say,1824.0,Platypus,trainable,,near_genus
985,Hypoborus ficus,"Erichson, 1836",Scolytinae,Hypoborini,Hypoborina,Hypoborus,ficus,,Erichson,1836.0,Hypoborus,semantic_ood,,far_tribe
